[
  {
    "id": "8863a40a-70a2-45e1-abff-7db912c03bd2",
    "data": [
      {
        "text": "could you order tea ",
        "userDefined": false
      },
      {
        "text": "here",
        "meta": "@sys.address",
        "alias": "address",
        "userDefined": true
      }
    ],
    "isTemplate": false,
    "count": 0,
    "lang": "en",
    "updated": 0
  },
  {
    "id": "d6bbc693-4aee-4917-ad9d-b32b48bbac31",
    "data": [
      {
        "text": "could you order tea ",
        "userDefined": false
      },
      {
        "text": "now",
        "meta": "@sys.date-time",
        "alias": "date-time",
        "userDefined": true
      }
    ],
    "isTemplate": false,
    "count": 0,
    "lang": "en",
    "updated": 0
  },
  {
    "id": "f5a0e6e7-de69-4883-8e36-881ca5ff5680",
    "data": [
      {
        "text": "could you order me a ",
        "userDefined": false
      },
      {
        "text": "flavours",
        "meta": "@flavours",
        "alias": "flavours",
        "userDefined": true
      }
    ],
    "isTemplate": false,
    "count": 0,
    "lang": "en",
    "updated": 0
  },
  {
    "id": "d15511dc-3e8d-439c-aef2-8cea5230076d",
    "data": [
      {
        "text": "could you order me a ",
        "userDefined": false
      },
      {
        "text": "variety",
        "meta": "@variety",
        "alias": "variety",
        "userDefined": true
      },
      {
        "text": " of tea",
        "userDefined": false
      }
    ],
    "isTemplate": false,
    "count": 0,
    "lang": "en",
    "updated": 0
  },
  {
    "id": "c312337c-23fd-4083-b358-7fe7c907d810",
    "data": [
      {
        "text": "could you order me a tea to the mobile number ",
        "userDefined": false
      },
      {
        "text": "9894304975",
        "meta": "@sys.phone-number",
        "alias": "phone-number",
        "userDefined": true
      }
    ],
    "isTemplate": false,
    "count": 0,
    "lang": "en",
    "updated": 0
  },
  {
    "id": "4e8c13eb-0760-4da3-aa26-01f547bcdca8",
    "data": [
      {
        "text": "please order me a tea to the mail id ",
        "userDefined": false
      },
      {
        "text": "jaibecse2003@gmail.com",
        "meta": "@sys.email",
        "alias": "email",
        "userDefined": true
      }
    ],
    "isTemplate": false,
    "count": 0,
    "lang": "en",
    "updated": 0
  },
  {
    "id": "559bcf1b-9a8e-47b7-a1c3-01164d208fc5",
    "data": [
      {
        "text": "please order me a tea",
        "userDefined": false
      }
    ],
    "isTemplate": false,
    "count": 0,
    "lang": "en",
    "updated": 0
  },
  {
    "id": "efc97108-0885-40b3-af11-a7b951bce619",
    "data": [
      {
        "text": "order me a tea",
        "userDefined": false
      }
    ],
    "isTemplate": false,
    "count": 0,
    "lang": "en",
    "updated": 0
  }
]