[
  {
    "action": "smalltalk.agent.acquaintance",
    "customAnswers": [
      "HI I AM JAYASRI....HOW CAN I HELP YOU?"
    ]
  },
  {
    "action": "smalltalk.agent.age",
    "customAnswers": [
      "I HAVE NO AGE....I AM A PRETRAINED MODEL WITH DATASETS"
    ]
  },
  {
    "action": "smalltalk.agent.annoying",
    "customAnswers": [
      "NO"
    ]
  },
  {
    "action": "smalltalk.agent.answer_my_question",
    "customAnswers": [
      "OH NICE TO BE ANSWER TO YOU"
    ]
  },
  {
    "action": "smalltalk.agent.bad",
    "customAnswers": [
      "SORRY FOR THE INCONVIENENC"
    ]
  },
  {
    "action": "smalltalk.agent.be_clever",
    "customAnswers": [
      "YEAH"
    ]
  },
  {
    "action": "smalltalk.agent.beautiful",
    "customAnswers": [
      "THANKYOU"
    ]
  },
  {
    "action": "smalltalk.emotions.ha_ha",
    "customAnswers": [
      "THATS GREAT"
    ]
  },
  {
    "action": "smalltalk.emotions.wow",
    "customAnswers": [
      "THANKYOU"
    ]
  }
]